{"name":"2f96f429-41e0-4bde-8347-272869ac0673","id":"/providers/Microsoft.Flow/flows/2f96f429-41e0-4bde-8347-272869ac0673","type":"Microsoft.Flow/flows","properties":{"apiId":"/providers/Microsoft.PowerApps/apis/shared_logicflows","displayName":"Post message on Teams when a GitHub feed is updated","definition":{"metadata":{"workflowEntityId":null,"flowclientsuspensionreason":"None","flowclientsuspensiontime":null,"creator":{"id":"5cd9cd23-71eb-4060-b8dd-d064b18ef61d","type":"User","tenantId":"3a15396c-74e5-4cb8-bbc0-b09dea3002bc"},"provisioningMethod":"FromDefinition","failureAlertSubscription":true,"clientLastModifiedTime":"2021-02-08T01:29:52.9226008Z"},"$schema":"https://schema.management.azure.com/providers/Microsoft.Logic/schemas/2016-06-01/workflowdefinition.json#","contentVersion":"1.0.0.0","parameters":{"$connections":{"defaultValue":{},"type":"Object"},"$authentication":{"defaultValue":{},"type":"SecureObject"},"teams.group":{"defaultValue":"","type":"String"},"teams.channel":{"defaultValue":"","type":"String"}},"triggers":{"When_a_feed_item_is_published":{"recurrence":{"frequency":"Minute","interval":5},"splitOn":"@triggerOutputs()?['body/value']","type":"OpenApiConnection","inputs":{"host":{"apiId":"/providers/Microsoft.PowerApps/apis/shared_rss","connectionName":"shared_rss","operationId":"OnNewFeed"},"parameters":{"feedUrl":"https://github.com/Powershell/powershell/releases.atom","sinceProperty":"UpdatedOn"},"authentication":"@parameters('$authentication')"},"description":"https://github.com/Powershell/powershell/releases.atom"}},"actions":{"Post_your_own_adaptive_card_as_the_Flow_bot_to_a_channel":{"runAfter":{"Build_variables_and_strings_to_send_to_Teams":["Succeeded"]},"type":"OpenApiConnection","inputs":{"host":{"apiId":"/providers/Microsoft.PowerApps/apis/shared_teams","connectionName":"shared_teams","operationId":"PostChannelAdaptiveCard"},"parameters":{"groupId":"16f6d00b-2414-4d53-922a-6ecaaf23b042","PostAdaptiveCardRequest/recipient/channelId":"19:ae7d3230ffef442d8f0cf3ecd1104d54@thread.tacv2","PostAdaptiveCardRequest/messageBody":"{\n    \"type\": \"AdaptiveCard\",\n    \"body\": [\n        {\n            \"type\": \"ColumnSet\",\n            \"columns\": [\n                {\n                    \"type\": \"Column\",\n                    \"items\": [\n                        {\n                            \"type\": \"TextBlock\",\n                            \"size\": \"Medium\",\n                            \"weight\": \"Bolder\",\n                            \"text\": \"@{outputs('Trim_Title')}\"\n                        }\n                    ],\n                    \"width\": \"stretch\"\n                },\n                {\n                    \"type\": \"Column\",\n                    \"items\": [\n                        {\n                            \"type\": \"TextBlock\",\n                            \"spacing\": \"None\",\n                            \"text\": \"Published @{triggerOutputs()?['body/publishDate']}\",\n                            \"isSubtle\": true,\n                            \"wrap\": true\n                        }\n                    ]\n                }\n            ]\n        },\n        {\n            \"type\": \"TextBlock\",\n            \"text\": \"@{outputs('Remove_HTML_Formatting')?['body']}\n@{body('Build_remaining_URL_list')}\",\n            \"wrap\": true\n        }\n    ],\n    \"actions\": [\n        {\n            \"type\": \"Action.OpenUrl\",\n            \"title\": \"Open URL\",\n            \"url\": \"@{triggerOutputs()?['body/primaryLink']}\"\n        }\n    ],\n    \"$schema\": \"http://adaptivecards.io/schemas/adaptive-card.json\",\n    \"version\": \"1.2\"\n}","PostAdaptiveCardRequest/messageTitle":"@outputs('Trim_Title')"},"authentication":"@parameters('$authentication')"}},"Enter_Repo_you_are_Monitoring":{"runAfter":{"Sample_URLs_for_feed_Locations":["Succeeded"]},"type":"InitializeVariable","inputs":{"variables":[{"name":"Repo Name","type":"string","value":"Enter Repo Name"}]}},"Build_variables_and_strings_to_send_to_Teams":{"actions":{"Trim_Title":{"runAfter":{},"type":"Compose","inputs":"@{variables('Repo Name')} - Updated"},"Remove_Primary_URL_from_list":{"runAfter":{"Trim_Title":["Succeeded"]},"type":"Query","inputs":{"from":"@triggerOutputs()?['body/links']","where":"@not(equals(item(), triggerOutputs()?['body/primaryLink']))"},"description":"Remove any \"Feed Links\" that match the current Primary URL"},"Build_remaining_URL_list":{"runAfter":{"Remove_Primary_URL_from_list":["Succeeded"]},"type":"Join","inputs":{"from":"@body('Remove_Primary_URL_from_list')","joinWith":"\n"},"description":"Join multiple URLs by a newline for Readability"},"Remove_HTML_Formatting":{"runAfter":{"Build_remaining_URL_list":["Succeeded"]},"type":"OpenApiConnection","inputs":{"host":{"apiId":"/providers/Microsoft.PowerApps/apis/shared_conversionservice","connectionName":"shared_conversionservice","operationId":"HtmlToText"},"parameters":{"Content":"<p>@{triggerOutputs()?['body/summary']}</p>"},"authentication":"@parameters('$authentication')"}}},"runAfter":{"Enter_Repo_you_are_Monitoring":["Succeeded"]},"type":"Scope"},"Sample_URLs_for_feed_Locations":{"runAfter":{},"type":"Compose","inputs":{"SampleFeeds":{"Releases":["https://github.com/Powershell/powershell/releases.atom","https://github.com/pester/Pester/releases.atom"],"Tags":["https://github.com/Powershell/powershell/tags.atom","https://github.com/pester/Pester/tags.atom"],"Commits":["https://github.com/PowerShell/PowerShell/commits/master.atom","https://github.com/PowerShell/PowerShell/commits/release/v7.0.4.atom","https://github.com/pester/Pester/commits/v5.0.atom","https://github.com/pester/Pester/commits/master.atom"]}},"description":"You can remove this once you have found your feed"}},"outputs":{},"description":"When a new item appears on the GitHub feed, notify on Microsoft Teams."},"connectionReferences":{"shared_teams":{"connectionName":"shared-teams-9a4feebb-bc4d-4452-b483-4d53-c8e22965","source":"Embedded","id":"/providers/Microsoft.PowerApps/apis/shared_teams","tier":"NotSpecified"},"shared_conversionservice":{"connectionName":"shared-conversionser-5f6baffc-cc07-406e-99e1-163e-b8fd0e8c","source":"Embedded","id":"/providers/Microsoft.PowerApps/apis/shared_conversionservice","tier":"NotSpecified"},"shared_rss":{"connectionName":"shared-rss-fc0d8aed-6d32-47f0-964f-4896-fde40418","source":"Embedded","id":"/providers/Microsoft.PowerApps/apis/shared_rss","tier":"NotSpecified"}},"flowFailureAlertSubscribed":false}}