{"name":"d0df1082-e930-4503-bc18-c2fd6001f64c","id":"/providers/Microsoft.Flow/flows/d0df1082-e930-4503-bc18-c2fd6001f64c","type":"Microsoft.Flow/flows","properties":{"apiId":"/providers/Microsoft.PowerApps/apis/shared_logicflows","displayName":"Parse Syncro /User API Response","definition":{"metadata":{"workflowEntityId":null,"processAdvisorMetadata":null,"flowclientsuspensionreason":"None","flowclientsuspensiontime":null,"creator":{"id":"8cb4d420-4d03-45f7-9625-026b6a25624d","type":"User","tenantId":"27d458b0-d25f-46f9-896a-0f30bffb40f8"},"provisioningMethod":"FromDefinition","failureAlertSubscription":true,"clientLastModifiedTime":"2021-11-24T21:10:45.691556Z"},"$schema":"https://schema.management.azure.com/providers/Microsoft.Logic/schemas/2016-06-01/workflowdefinition.json#","contentVersion":"1.0.0.0","parameters":{"$authentication":{"defaultValue":{},"type":"SecureObject"}},"triggers":{"manual":{"metadata":{"operationMetadataId":"08113c25-c394-44a1-9c76-0b3146ebc075"},"type":"Request","kind":"Button","inputs":{"schema":{"type":"object","properties":{},"required":[]}}}},"actions":{"ParseJSON-SyncroAPI-Users-default-format":{"runAfter":{},"metadata":{"operationMetadataId":"4d4663a1-ad54-445c-b31a-947ae0c68ca4"},"type":"ParseJson","inputs":{"content":{"users":[[134465,"John Hancock"],[134470,"Ron Swanson"],[134475,"Robin Thiccc"],[134480,"Johann Sebastian Bach"],[134485,"Rumpelstiltskin"],[134490,"Freddie Mercury"]]},"schema":{"definitions":{},"$schema":"http://json-schema.org/draft-07/schema#","$id":"https://example.com/object1637775272.json","type":"object","required":["users"],"properties":{"users":{"$id":"#root/users","title":"AllUsers","type":"array","default":[],"items":{"$id":"#root/users/items","title":"UserFields","type":"array","items":{"oneOf":[{"$id":"#root/users/items/userid","title":"UserID","type":"integer","minimum":1,"maximum":9999999},{"$id":"#root/users/items/displayname","title":"DisplayName","type":"string"}]}}}}}}},"Select-ConstructProperties":{"runAfter":{"ParseJSON-SyncroAPI-Users-default-format":["Succeeded"]},"metadata":{"operationMetadataId":"272a38f3-388e-4aa2-9134-f444613f01ec"},"type":"Select","inputs":{"from":"@body('ParseJSON-SyncroAPI-Users-default-format')['users']","select":{"UserID":"@first(array(item()))","DisplayName":"@last(array(item()))"}}},"ParseJSON-ParseProperties":{"runAfter":{"Select-ConstructProperties":["Succeeded"]},"metadata":{"operationMetadataId":"4e521e16-fc12-4b41-922b-1bb0762e69d2"},"type":"ParseJson","inputs":{"content":{"users":"@body('Select-ConstructProperties')"},"schema":{"definitions":{},"$schema":"http://json-schema.org/draft-07/schema#","$id":"https://example.com/object1637778663.json","title":"Root","type":"object","required":["users"],"properties":{"Users":{"$id":"#root/Users","title":"Users","type":"array","default":[],"items":{"$id":"#root/Users/items","title":"UserEntry","type":"object","required":["UserID","DisplayName"],"properties":{"UserID":{"$id":"#root/Users/items/UserID","title":"UserID","type":"integer","examples":[137164],"default":8675309},"DisplayName":{"$id":"#root/Users/items/DisplayName","title":"Displayname","type":"string","default":"","examples":["Ron Swanson"]}}}}}}}},"Apply_to_All_Users":{"foreach":"@body('ParseJSON-ParseProperties')['Users']","actions":{"Append_to_string_variable_'SampleOutputResults'":{"runAfter":{},"metadata":{"operationMetadataId":"4a52396d-8ff3-4671-a056-a2bbde497312"},"type":"AppendToStringVariable","inputs":{"name":"SampleOutputResults","value":"User @{items('Apply_to_All_Users')['DisplayName']} has user ID @{items('Apply_to_All_Users')['UserID']}\n"}}},"runAfter":{"Initialize_variable_'SampleOutputResults'":["Succeeded"]},"metadata":{"operationMetadataId":"8c25b620-09b4-4c3e-89f4-fcbafa88c063"},"type":"Foreach"},"Initialize_variable_'SampleOutputResults'":{"runAfter":{"Sample_Output_of_all_values":["Succeeded"]},"metadata":{"operationMetadataId":"7d7e24a5-cc66-41a5-88e6-e69a29f7c759"},"type":"InitializeVariable","inputs":{"variables":[{"name":"SampleOutputResults","type":"string"}]}},"Sample_Output_of_all_values":{"actions":{},"runAfter":{"ParseJSON-ParseProperties":["Succeeded"]},"metadata":{"operationMetadataId":"d9213979-79e4-468f-97da-d363cc88ec5f"},"type":"Scope"},"Compose":{"runAfter":{"Apply_to_All_Users":["Succeeded"]},"metadata":{"operationMetadataId":"99106972-d81d-4b97-8411-3a008eb23e27"},"type":"Compose","inputs":"@variables('SampleOutputResults')"},"Sample_Output_of_specific_Value":{"actions":{},"runAfter":{"Compose":["Succeeded"]},"metadata":{"operationMetadataId":"7e4b562b-b039-4bb3-8a6c-c8fdca7d3571"},"type":"Scope"},"Filter_array":{"runAfter":{"Initialize_variable_'SelectedOutputResults'":["Succeeded"]},"metadata":{"operationMetadataId":"5cc9842e-78c0-480c-87e8-583b7f03b3ac"},"type":"Query","inputs":{"from":"@body('ParseJSON-ParseProperties')?['Users']","where":"@equals(item()?['DisplayName'], variables('SearchName'))"}},"Apply_to_each_Selected_user_":{"foreach":"@body('Filter_array')","actions":{"Append_to_string_variable":{"runAfter":{},"metadata":{"operationMetadataId":"efa8392f-ef24-45e6-9550-3bb618696054"},"type":"AppendToStringVariable","inputs":{"name":"SelectedOutputResults","value":"User @{items('Apply_to_each_Selected_user_')?['DisplayName']} has user ID @{items('Apply_to_each_Selected_user_')?['UserID']}"}}},"runAfter":{"Filter_array":["Succeeded"]},"metadata":{"operationMetadataId":"8a5bdb8c-ff0d-4a91-a0d6-75cc0ed74945"},"type":"Foreach"},"Initialize_variable_'SearchName'":{"runAfter":{"Sample_Output_of_specific_Value":["Succeeded"]},"metadata":{"operationMetadataId":"7b6f04d6-c3c6-4400-8471-55af262ab08f"},"type":"InitializeVariable","inputs":{"variables":[{"name":"SearchName","type":"string","value":"Rumpelstiltskin"}]}},"Initialize_variable_'SelectedOutputResults'":{"runAfter":{"Initialize_variable_'SearchName'":["Succeeded"]},"metadata":{"operationMetadataId":"b5ad44fb-4ef9-4eaf-9793-0998a96ecf58"},"type":"InitializeVariable","inputs":{"variables":[{"name":"SelectedOutputResults","type":"string"}]}}},"description":"Example of parsing Syncro API response for /User with power Automate\n\nFrom https://github.com/PsychoData"},"connectionReferences":{},"flowFailureAlertSubscribed":false}}